SSE for KMeans,SSE for DBSCAN,Entropy for KMeans,Entropy for DBSCAN,Purity for KMeans,Purity for DBSCAN
72.80785074841135,6.2513887514318025,1.9406980456982243,0.34655234464261403,0.38045375218150085,0.462478184991274
